publishedAt;publishedAtSQL;mÍs;ano ;tÌtulo corrigido ;videoTitle;videoDescription;tags;videoCategoryId;videoCategoryLabel;topicCategories;duration;durationSec;dimension;definition;caption;defaultLanguage;defaultLAudioLanguage;thumbnail_maxres;licensedContent;locationDescription;latitude;longitude;viewCount;likeCount;dislikeCount;favoriteCount;commentCount
2025-01-13T19:00:08Z;13/01/2025;36;;Tudo que vocÍ n„o sabia sobre a BÕBLIA!;Tudo que voc√™ n√£o sabia sobre a B√çBLIA!;- Conhe√ßa a USEFATOS, loja oficial da Fatos Desconhecidos: https://usefatos.com.br/ - Venha fazer parte do nosso clube! Torne-se um membro do Canal Fatos Desconhecidos: https://www.youtube.com/channel/UCbAiIkPobUFy71zlmwVw3jw/join;fatos,desconhecidos,fatosdesconhecidos,entretenimento,curiosidade,conhecimento,curiosidades,ivanlima,andre,benjamin,pimenta;27;Education;Religion,Society;PT51M22S;3082;2d;hd;false;pt-BR;pt-BR;https://i.ytimg.com/vi/4-X3OBQ38iM/maxresdefault.jpg;1;;;;1991486;;;0;1285
2025-04-18T15:01:38Z;18/04/2025;39;;A Sala Vermelha do Vaticano e seus Segredos Proibidos - E se for verdade?;A Sala Vermelha do Vaticano e seus Segredos Proibidos - E se for Verdade?;Ser√° que alguns lugares foram feitos para nunca serem visitados, ou que algumas portas foram fechadas para nunca mais serem abertas? Alega√ß√µes d√£o conta que no Vaticano h√° uma sala impenetr√°vel e proibida. E se for verdade? - Conhe√ßa a USEFATOS, loja oficial da Fatos Desconhecidos: https://usefatos.com.br/ - Venha fazer parte do nosso clube! Torne-se um membro do Canal Fatos Desconhecidos: https://www.youtube.com/channel/UCbAiIkPobUFy71zlmwVw3jw/join üìùFontes: https://pastebin.com/5aUaQibi;fatos,desconhecidos,fatosdesconhecidos,entretenimento,curiosidade,conhecimento,curiosidades,andre,pimenta,pimentafatos,vaticano,roma,segredosdovaticano,vaticanosecreto,igreja,arquivosdovaticano,salavermelha,sala,vermelha,horror,domenicoaltieri,domenico,altieri,antiguidade,passadodaigreja,passado,hist√≥ria,mito,lenda,fato;27;Education;Religion,Society;PT23M50S;1430;2d;hd;false;pt-BR;pt-BR;https://i.ytimg.com/vi/yKk_fbzUTIQ/maxresdefault.jpg;1;;;;1847860;74650;;0;3746
2025-04-17T15:00:52Z;17/04/2025;37;;Sabonete Phebo: segredos que vocÍ precisa saber!!;Sabonete Phebo: segredos que voc√™ precisa saber!!;Voc√™ j√° se perguntou como um sabonete atravessa quase 100 anos de hist√≥ria e continua firme nas prateleiras? Neste v√≠deo, mergulhamos na trajet√≥ria do sabonete Phebo ‚Äî da sua cria√ß√£o artesanal √† sua consagra√ß√£o como um √≠cone da perfumaria brasileira. Um passeio pela hist√≥ria, ci√™ncia e marketing de um produto que √© puro charme, tradi√ß√£o e, claro, muito aroma. Confira: - Conhe√ßa a USEFATOS, loja oficial da Fatos Desconhecidos: https://usefatos.com.br/ - Venha fazer parte do nosso clube! Torne-se um membro do Canal Fatos Desconhecidos: https://www.youtube.com/channel/UCbAiIkPobUFy71zlmwVw3jw/join üìùFontes: https://www.phebo.com.br/nossa-historia;fatos,desconhecidos,fatosdesconhecidos,entretenimento,curiosidade,conhecimento,curiosidades,andre,benjamin,Hist√≥ria,dermatologia,sabonete,Perfumaria Phebo,Phebo,sabonete Phebo,Bel√©m,Amaz√¥nia,qualidade,perfumaria,fragr√¢ncias,Brasil,marca brasileira,Fatos Reais,Fatos Desconhecidos.;27;Education;Lifestyle_(sociology);PT14M4S;844;2d;hd;false;pt-BR;pt-BR;https://i.ytimg.com/vi/RyKOTjM3X6Y/maxresdefault.jpg;1;;;;1772208;76363;;0;2804
2025-06-08T21:30:08Z;08/06/2025;20;;Voyager 1 tem um encontro com algo impossÌvel no espaÁo!;Voyager 1 tem um encontro com algo imposs√≠vel no espa√ßo!;Em 2024, a Voyager 1 detectou uma frequ√™ncia misteriosa no espa√ßo interestelar. Sinais estruturados, sim√©tricos e com poss√≠vel inten√ß√£o desafiaram a ci√™ncia. Estaria algo ‚Äî ou algu√©m ‚Äî tentando se comunicar com a humanidade? - Conhe√ßa a USEFATOS, loja oficial da Fatos Desconhecidos: https://usefatos.com.br/ - Venha fazer parte do nosso clube! Torne-se um membro do Canal Fatos Desconhecidos: https://www.youtube.com/channel/UCbAiIkPobUFy71zlmwVw3jw/join üìùFontes: YOUTUBE;fatos,desconhecidos,fatosdesconhecidos,entretenimento,curiosidade,conhecimento,curiosidades,andre,benjamin,fatos desconhecidos,Voyager 1,espa√ßo interestelar,vida extraterrestre,sinais no espa√ßo,comunica√ß√£o alien√≠gena,Golden Record,NASA,mist√©rios do universo,frequ√™ncia an√¥mala,Carl Sagan,Ponto Azul Claro,exoplanetas,som no espa√ßo,resson√¢ncia estrutural,Deep Space Network,intelig√™ncia n√£o humana,sinais c√≥smicos,f√≠sica te√≥rica,astronomia,2025.;27;Education;Knowledge;PT18M51S;1131;2d;hd;false;pt-BR;pt-BR;https://i.ytimg.com/vi/reh_IqUKSvk/maxresdefault.jpg;1;;;;1428656;43305;;0;1907
2025-02-16T15:00:02Z;16/02/2025;36;;Einstein considerava seu motorista a pessoa mais inteligente que ele conhecia!;Einstein considerava seu motorista a pessoa mais inteligente que ele conhecia!;- Conhe√ßa a USEFATOS, loja oficial da Fatos Desconhecidos: https://usefatos.com.br/ - Venha fazer parte do nosso clube! Torne-se um membro do Canal Fatos Desconhecidos: https://www.youtube.com/channel/UCbAiIkPobUFy71zlmwVw3jw/join;fatos,desconhecidos,fatosdesconhecidos,entretenimento,curiosidade,conhecimento,curiosidades,shorts,Einstein,Albert Einstein;27;Education;Society;PT1M1S;61;2d;hd;false;pt-BR;pt-BR;https://i.ytimg.com/vi/aeaBxG2OmjY/maxresdefault.jpg;1;;;;1257469;;;0;794
2025-03-12T15:00:57Z;12/03/2025;30;;A esposa achou que ele estava louco quando decidiu comprar toneladas de pudim!;A esposa achou que ele estava louco quando decidiu comprar toneladas de pudim!;- Conhe√ßa a USEFATOS, loja oficial da Fatos Desconhecidos: https://usefatos.com.br/ - Venha fazer parte do nosso clube! Torne-se um membro do Canal Fatos Desconhecidos: https://www.youtube.com/channel/UCbAiIkPobUFy71zlmwVw3jw/join;fatos,desconhecidos,fatosdesconhecidos,entretenimento,curiosidade,conhecimento,curiosidades,pudim,xeque mate,genial;27;Education;Lifestyle_(sociology);PT1M5S;65;2d;hd;false;pt-BR;pt-BR;https://i.ytimg.com/vi/dnFL1k76nbs/maxresdefault.jpg;1;;;;1085077;86204;;0;93
2025-06-16T21:30:09Z;16/06/2025;37;;Confirmado! Oumuamua era alienÌgena ñ astrÙnomos revelam origem e segredos chocantes!;CONFIRMADO! Oumuamua Era Alien√≠gena ‚Äì Astr√¥nomos Revelam Origem e Segredos Chocantes!;Oumuamua n√£o era apenas uma pedra vagando pelo espa√ßo. Descubra por que cientistas acreditam que algu√©m pode ter enviado esse objeto at√© aqui. - Conhe√ßa a USEFATOS, loja oficial da Fatos Desconhecidos: https://usefatos.com.br/ - Venha fazer parte do nosso clube! Torne-se um membro do Canal Fatos Desconhecidos: https://www.youtube.com/channel/UCbAiIkPobUFy71zlmwVw3jw/join üìùFontes: https://pastebin.com/GEv1pebX;fatos,desconhecidos,fatosdesconhecidos,entretenimento,curiosidade,conhecimento,curiosidades,andre,benjamin,fatos desconhecidos,Oumuamua,Avi Loeb,vida extraterrestre,OVNI,objeto interestelar,Equa√ß√£o de Drake,alien√≠genas,espa√ßo,astronomia,mist√©rios do universo,ci√™ncia,NASA,viagem interestelar,universo,vida inteligente.;27;Education;Society;PT20M20S;1220;2d;hd;false;pt-BR;pt-BR;https://i.ytimg.com/vi/wemvChQqp6I/maxresdefault.jpg;1;;;;1060272;42612;;0;2202
2025-04-14T15:00:13Z;14/04/2025;32;;Por que a Igreja foi dividida entre catÛlicos e ortodoxos? - O Grande Cisma de 1054;Por que a Igreja foi dividida entre cat√≥licos e ortodoxos? - O Grande Cisma de 1054;De imp√©rios em queda a excomunh√µes no altar, veremos a hist√≥ria fascinante ‚Äî e muitas vezes turbulenta ‚Äî que levou √† separa√ß√£o definitiva entre a Igreja Cat√≥lica e a Igreja Ortodoxa. Uma trama de poder, f√©, pol√≠tica e teimosia que atravessa s√©culos e ainda ecoa nos dias de hoje. Descubra: - Conhe√ßa a USEFATOS, loja oficial da Fatos Desconhecidos: https://usefatos.com.br/ - Venha fazer parte do nosso clube! Torne-se um membro do Canal Fatos Desconhecidos: https://www.youtube.com/channel/UCbAiIkPobUFy71zlmwVw3jw/join üìùFontes: https://brasilescola.uol.com.br/historiag/o-cisma-oriente.htm;fatos,desconhecidos,fatosdesconhecidos,entretenimento,curiosidade,conhecimento,curiosidades,andre,pimenta,Hist√≥ria,religi√£o,pol√™mica,controv√©rsia,cat√≥licos,ortodoxos,It√°lia,separa√ß√£o,cat√≥lico,ortodoxo,divis√£o,catolicismo,protestantismo,Cisma,Grande Cisma,Cisma do Oriente,Reforma Protestante,Deus,igreja,Fatos Reais,Fatos Desconhecidos.;27;Education;Religion,Society;PT22M1S;1321;2d;hd;false;pt-BR;pt-BR;https://i.ytimg.com/vi/8ZIHvuhKapo/maxresdefault.jpg;1;;;;1023895;39971;;0;1239
2025-07-07T22:00:07Z;07/07/2025;14;;O t˙mulo do Rei Salom„o foi aberto apÛs 5 mil anos;O t√∫mulo do Rei Salom√£o foi aberto ap√≥s 5 mil anos;Uma descoberta em Jerusal√©m surpreendeu arque√≥logos e historiadores do planeta. Se for realmente confirmado, trata-se do t√∫mulo do famoso Rei Salom√£o, figura central nas principais religi√µes do mundo. E mais: o t√∫mulo revelou segredos que podem redefinir nosso entendimento do passado. - Conhe√ßa a USEFATOS, loja oficial da Fatos Desconhecidos: https://usefatos.com.br/ - Venha fazer parte do nosso clube! Torne-se um membro do Canal Fatos Desconhecidos: https://www.youtube.com/channel/UCbAiIkPobUFy71zlmwVw3jw/join üìùFontes: https://pastebin.com/guNrLvLh;fatos,desconhecidos,fatosdesconhecidos,entretenimento,curiosidade,conhecimento,curiosidades,ivanlima,andre,benjamin,pimenta,descoberta,tumulo,t√∫mulo,reisalomao,reisalom√£o,salom√£o,deus,b√≠blia,rainhadesaba,chocante,fant√°stico,tumba,tumbareisalomao,hist√≥riab√≠lica,lenda,historia;27;Education;Knowledge,Religion;PT24M58S;1498;2d;hd;false;pt-BR;pt-BR;https://i.ytimg.com/vi/ljr8emjz5r8/maxresdefault.jpg;1;;;;999609;;;0;1076
2025-02-11T23:30:19Z;11/02/2025;25;;"Peixe ""diabo negro"" aparece e pode estar prevendo uma cat·strofe!";"Peixe ""diabo negro"" aparece e pode estar prevendo uma cat√°strofe!";Uma equipe de bi√≥logos da ONG Condrik Tenerife conseguiu captar imagens in√©ditas de um exemplar da esp√©cie Melanocetus johnsonii, popularmente conhecido como ‚Äúpeixe diabo-negro‚Äù. Esses animais costumam habitar zonas abissais do oceano, entre 200 e 2 mil metros, o que faz com que apari√ß√µes como esta sejam extremamente raras. Isso fez com que as pessoas passassem a considerar que algo muito errado ou estranho poderia estar acontecendo;;;;;;;;;;;;;;;;;967.279;;;;
2025-04-24T15:00:32Z;24/04/2025;50;;Daniel Mastral disse relatos sobre o que acontecer· agora depois que o Papa morreu;Daniel Mastral disse relatos sobre o que acontecer√° agora depois que Papa morreu;Ap√≥s a morte do Papa Francisco aos 88 anos, uma profecia secular do bispo irland√™s S√£o Malaquias ressurgiu, prevendo o fim da linhagem papal e a chegada do Dia do Ju√≠zo Final em 2027. Pelo que indicam as previs√µes, o ciclo foi fechado... - Conhe√ßa a USEFATOS, loja oficial da Fatos Desconhecidos: https://usefatos.com.br/ - Venha fazer parte do nosso clube! Torne-se um membro do Canal Fatos Desconhecidos: https://www.youtube.com/channel/UCbAiIkPobUFy71zlmwVw3jw/join üìùFontes: https://pastebin.com/N7xMNfUU;fatos,desconhecidos,fatosdesconhecidos,entretenimento,curiosidade,conhecimento,curiosidades,andre,pimenta,PapaFrancisco,MortedoPapa,papamorreu,previs√£o,previs√µes,profecia,profecias,prof√©tico,Apocalipse,apocal√≠ptico,cen√°rioapocal√≠ptico,cumprimento,DanielMastral,satanista,FimDoMundo,√∫ltimopapa;27;Education;Religion,Society;PT16M10S;970;2d;hd;false;pt-BR;pt-BR;https://i.ytimg.com/vi/GdE8wskz194/maxresdefault.jpg;1;;;;947980;52667;;0;3005
2025-07-12T15:01:26Z;12/07/2025;23;;O tubar„o branco devorado e o monstro desconhecido do mar!;O tubar√£o branco devorado e o monstro desconhecido do mar!;O desaparecimento misterioso de um grande tubar√£o branco leva cientistas a descobrirem um predador canibal gigante ‚Äî e o que eles encontram nas profundezas √© ainda mais assustador do que imaginavam. - Conhe√ßa a USEFATOS, loja oficial da Fatos Desconhecidos: https://usefatos.com.br/ - Venha fazer parte do nosso clube! Torne-se um membro do Canal Fatos Desconhecidos: https://www.youtube.com/channel/UCbAiIkPobUFy71zlmwVw3jw/join üìùFontes: https://pastebin.com/v3EBtYfS;fatos,desconhecidos,fatosdesconhecidos,entretenimento,curiosidade,conhecimento,curiosidades,ivanlima,andre,benjamin,pimenta,fatos desconhecidos,Tubar√£o branco,Canibalismo marinho,Mist√©rio do oceano,Document√°rio,Predadores do mar,Zona de matan√ßa,Smithsonian,Tubar√£o gigante,Natureza selvagem,Ci√™ncia marinha,Oceano profundo,Tubar√µes,Gigantismo,Meio ambiente marinho,Ca√ßa ao superpredador.;27;Education;Entertainment,Film;PT24M19S;1459;2d;hd;false;pt-BR;pt-BR;https://i.ytimg.com/vi/sb5d9uLVvjU/maxresdefault.jpg;1;;;;936073;;;0;773
2025-05-06T21:30:03Z;06/05/2025;10;;NÛs nunca deverÌamos conhecer os antediluvianos;N√≥s nunca dever√≠amos conhecer os Antediluvianos;O que realmente sabemos sobre as civiliza√ß√µes que existiram antes do Dil√∫vio? Neste v√≠deo, voc√™ vai embarcar numa jornada pelas maiores estruturas e mist√©rios do mundo antigo ‚Äî de Stonehenge √† Esfinge de Giz√©, passando pelas ru√≠nas submersas de Yonaguni e as enigm√°ticas pedras de Callanish. Vamos explorar teorias cient√≠ficas, hip√≥teses alternativas e at√© revela√ß√µes b√≠blicas sobre povos antediluvianos e seus poss√≠veis construtores‚Ä¶ seriam eles humanos? Gigantes? Ou algo al√©m da nossa compreens√£o? - Conhe√ßa a USEFATOS, loja oficial da Fatos Desconhecidos: https://usefatos.com.br/ - Venha fazer parte do nosso clube! Torne-se um membro do Canal Fatos Desconhecidos: https://www.youtube.com/channel/UCbAiIkPobUFy71zlmwVw3jw/join üìùFontes: https://www.todamateria.com.br/esfinge-de-gize/?cb=1744585377414;fatos,desconhecidos,fatosdesconhecidos,entretenimento,curiosidade,conhecimento,curiosidades,andre,benjamin,Hist√≥ria,antediluvianos,antes do dil√∫vio,acontecimentos,fatos hist√≥ricos,passado,civiliza√ß√µes antigas,hist√≥ria do mundo,Arca de No√©,Arca,No√©,Esfinge,Esfinge de Giz√©,Grande Esfinge de Giz√©,Andr√©,Benjamin,Fatos curiosos,Fatos reais,Fatos Desconhecidos.;27;Education;Knowledge;PT17M48S;1068;2d;hd;false;pt-BR;pt-BR;https://i.ytimg.com/vi/HnoBjU6UM6M/maxresdefault.jpg;1;;;;922444;32962;;0;1160
2025-01-18T15:00:38Z;18/01/2025;46;;Qual È o paÌs mais sujo do mundo?;Qual √© o pa√≠s mais sujo do mundo?;- Conhe√ßa a USEFATOS, loja oficial da Fatos Desconhecidos: https://usefatos.com.br/ - Venha fazer parte do nosso clube! Torne-se um membro do Canal Fatos Desconhecidos: https://www.youtube.com/channel/UCbAiIkPobUFy71zlmwVw3jw/join;fatos,desconhecidos,fatosdesconhecidos,entretenimento,curiosidade,conhecimento,curiosidades,ivanlima,andre,benjamin,pimenta;27;Education;Knowledge;PT47S;47;2d;hd;false;pt-BR;pt-BR;https://i.ytimg.com/vi/UAr4bIzly3w/maxresdefault.jpg;1;;;;882364;;;0;892
2025-05-29T15:01:34Z;29/05/2025;61;;TelescÛpio James Webb anuncia a primeira imagem real antes do Big Bang;Telesc√≥pio JAMES WEBB anuncia a primeira imagem REAL antes do BIG BANG;O telesc√≥pio James Webb est√° reescrevendo tudo o que ach√°vamos que sab√≠amos sobre o universo. Estrelas mais velhas que o pr√≥prio Big Bang, planetas transparentes, gal√°xias imposs√≠veis e at√©... um poss√≠vel OVNI? Neste v√≠deo, voc√™ vai entender como nossas certezas est√£o desmoronando diante do desconhecido. - Conhe√ßa a USEFATOS, loja oficial da Fatos Desconhecidos: https://usefatos.com.br/ - Venha fazer parte do nosso clube! Torne-se um membro do Canal Fatos Desconhecidos: https://www.youtube.com/channel/UCbAiIkPobUFy71zlmwVw3jw/join;fatos,desconhecidos,fatosdesconhecidos,entretenimento,curiosidade,conhecimento,curiosidades,andre,benjamin,fatos desconhecidos,James Webb,telesc√≥pio James Webb,descobertas James Webb,Big Bang,fim do Big Bang,teoria do Big Bang,universo,multiverso,vida extraterrestre,buracos negros,planetas habit√°veis,gal√°xias antigas,HD-140283,nebulosa Carina,exoplanetas,planeta transparente,ci√™ncia,astronomia,cosmos,universo paralelo,document√°rio universo,curiosidades do espa√ßo.;27;Education;Knowledge;PT20M47S;1247;2d;hd;false;pt-BR;pt-BR;https://i.ytimg.com/vi/sPfR0RjacQo/maxresdefault.jpg;1;;;;870691;27396;;0;1766
2025-02-28T23:30:00Z;28/02/2025;68;68 videos em feveiro;O contato assustador de OVNI no Maranh„o - E se for verdade?;O contato assustador de ovni no Maranh√£o - E Se For Verdade?;Nos anos 70, um madeireiro no Maranh√£o teve uma morte imposs√≠vel inexplic√°vel. Dez anos depois, outro madeireiro encontrou um fim parecido, e igualmente misterioso. Para os habitantes locais a resposta √© uma s√≥: OVNIs! Nesse v√≠deo voc√™ entender√° melhor essa hist√≥ria, e se isso √©, ou n√£o, verdade: Ficha t√©cnica: ROTEIRISTA: Matheus √Åvila / EDITOR DE V√çDEO: Pedro Junior / ILUSTRADOR (THUMBNAIL): Victor Asmar/ DIRE√á√ÉO DE FOTOGRAFIA e OPERA√á√ÉO DE C√ÇMERA: Francisco (Sombra) / AUXILIAR DE EST√öDIO: Osvaldo Tracaj√° / PRODUTOR: Thales da Guarda / DIRE√á√ÉO DE EST√öDIO: Carlos de Freitas / √ÅUDIO e DIRE√á√ÉO DE CENA E DE GRAVA√á√ÉO: Danyllo Freitas / REVIS√ÉO DE ROTEIROS: Andr√©ia Pires / CHEFE DEP. YOUTUBE: Gabriel Novaes/ PRODUTOR EXECUTIVO: Luiz Phellype Alves - Conhe√ßa a USEFATOS, loja oficial da Fatos Desconhecidos: https://usefatos.com.br/ - Venha fazer parte do nosso clube! Torne-se um membro do Canal Fatos Desconhecidos: https://www.youtube.com/channel/UCbAiIkPobUFy71zlmwVw3jw/join üìùFontes: https://pastebin.com/zNEgdDSs;fatos,desconhecidos,fatosdesconhecidos,entretenimento,curiosidade,conhecimento,curiosidades,ivanlima,andre,pimenta,OVNI no Maranh√£o,aliens no Maranh√£o,ufologia,Ilha do Caranguejo,mist√©rio no Maranh√£o,mortes no Maranh√£o,maranhao;27;Education;;PT23M;1380;2d;hd;false;pt-BR;pt-BR;https://i.ytimg.com/vi/-d5fEcCPSgo/maxresdefault.jpg;1;;;;854821;31018;;0;1468
2025-03-24T15:00:30Z;24/03/2025;57;;As mansıes abandonadas de celebridades brasileiras;As mans√µes abandonadas de celebridades brasileiras;Algumas das mans√µes mais caras do Brasil, que pertenceram a grandes celebridades, hoje se encontram totalmente abandonadas. Nesse v√≠deo voc√™ vai conferir o que levou esses lugares que j√° abrigaram tanta vida, a n√£o encontrarem nenhum comprador interessado, mesmo com valores bem abaixo do mercado. Descubra: - Conhe√ßa a USEFATOS, loja oficial da Fatos Desconhecidos: https://usefatos.com.br/ - Venha fazer parte do nosso clube! Torne-se um membro do Canal Fatos Desconhecidos: https://www.youtube.com/channel/UCbAiIkPobUFy71zlmwVw3jw/join üìùFontes: https://pastebin.com/WKK1RrDA;fatos,desconhecidos,fatosdesconhecidos,entretenimento,curiosidade,conhecimento,curiosidades,andre,benjamin,Mans√µes abandonadas,mans√µes de celebridades,J√¥ Soares,Clodovil,Hebe Camargo,Xuxa Meneghel,M√°rio Gomes,Beth Carvalho,Agnaldo Tim√≥teo,Jos√© Rico,Lexa,MC Guim√™,Pel√©,Roberto Bola√±os,Mans√£o do Chaves;27;Education;Hobby,Lifestyle_(sociology);PT20M6S;1206;2d;hd;false;pt-BR;pt-BR;https://i.ytimg.com/vi/Og_BRSFy6Lc/maxresdefault.jpg;1;;;;828165;26502;;0;1908
2025-03-12T21:30:05Z;12/03/2025;31;;O Leviat„ surgiu das profundezas?;O Leviat√£ surgiu das profundezas?;O que √© o Leviat√£? Venha conhecer uma das criaturas mais temidas pela humanidade e saber seu contexto na hist√≥ria do mundo. Descubra: - Conhe√ßa a USEFATOS, loja oficial da Fatos Desconhecidos: https://usefatos.com.br/ - Venha fazer parte do nosso clube! Torne-se um membro do Canal Fatos Desconhecidos: https://www.youtube.com/channel/UCbAiIkPobUFy71zlmwVw3jw/join üìùFontes: https://pastebin.com/LECBaz5s;fatos,desconhecidos,fatosdesconhecidos,entretenimento,curiosidade,conhecimento,curiosidades,andre,benjamin,benjaminfatos,leviathan,leviat√£,monstro,profundeza,monstrodasprofundezas,inferno,criaturainfernal,idadem√©dia,antigotestamento,mitologia,simbologia,s√≠mbolodomal,s√≠mbolo,mito,igrejacat√≥lica,igrejaprimitiva,deus,drag√£o,dinossauro,crocodilo,sat√£,diabo,monstromarinho,contextomundial,contextoglobal,nom,novaordemmundial,teoriasdaconspira√ß√£o;27;Education;Religion,Society;PT12M1S;721;2d;hd;false;pt-BR;pt-BR;https://i.ytimg.com/vi/Niw6ek2zPIw/maxresdefault.jpg;1;;;;827406;49875;;0;1596
2025-02-25T23:30:07Z;25/02/2025;59;;A profecia do ˙ltimo papa! - E se for verdade?;A profecia do √∫ltimo papa! - E Se For Verdade?;Uma profecia realizada em 1590, por um santo da Igreja Cat√≥lica, pode prenunciar o fim da pr√≥pria Igreja! Isso √©, desde que ela seja ver√≠dica. Nesse v√≠deo voc√™ entender√° melhor sobre essa profecia, se ela √© realmente verdadeira, ou n√£o passa de uma inven√ß√£o dos pr√≥prios cardeais da Igreja. Descubra: Ficha T√©cnica: ROTEIRISTA: Matheus √Åvila / EDITOR DE V√çDEO: Geraldo Floriano / ILUSTRADOR (THUMBNAIL): Victor Asmar/ DIRE√á√ÉO DE FOTOGRAFIA e OPERA√á√ÉO DE C√ÇMERA: Francisco (Sombra) / AUXILIAR DE EST√öDIO: Osvaldo Tracaj√° / PRODUTOR: Thales da Guarda / DIRE√á√ÉO DE EST√öDIO: Carlos de Freitas / √ÅUDIO e DIRE√á√ÉO DE CENA E DE GRAVA√á√ÉO: Danyllo Freitas / REVIS√ÉO DE ROTEIROS: Andr√©ia Pires / CHEFE DEP. YOUTUBE: Gabriel Novaes / PRODUTOR EXECUTIVO: Luiz Phellype Alves - Conhe√ßa a USEFATOS, loja oficial da Fatos Desconhecidos: https://usefatos.com.br/ - Venha fazer parte do nosso clube! Torne-se um membro do Canal Fatos Desconhecidos: https://www.youtube.com/channel/UCbAiIkPobUFy71zlmwVw3jw/join üìùFontes: https://pastebin.com/mf2CaBAJ;fatos,desconhecidos,fatosdesconhecidos,entretenimento,curiosidade,conhecimento,curiosidades,andre,pimenta,Profecia do √öltimo Papa,S√£o Malaquias,Profecia do Papa,√∫ltimo Papa,fim do mundo,apocalipse,fim da igreja,papa francisco,vaticano;27;Education;Religion,Society;PT14M20S;860;2d;hd;false;pt-BR;pt-BR;https://i.ytimg.com/vi/h6okCsFOxdU/maxresdefault.jpg;1;;;;805024;36185;;0;2672
2025-06-26T15:01:39Z;26/06/2025;59;;O mÈdico que provou que vivemos em uma simulaÁ„oÖ e depois desapareceu!!;O m√©dico que provou que vivemos em uma simula√ß√£o‚Ä¶ e depois desapareceu!!;O cientista mexicano Jacobo Grinberg estava prestes a provar que vivemos dentro de uma matriz controlada pela consci√™ncia ‚Äî mas desapareceu misteriosamente sem deixar rastros. Uma hist√≥ria real que envolve xamanismo, CIA e um experimento que nunca foi conclu√≠do. Confira: - Conhe√ßa a USEFATOS, loja oficial da Fatos Desconhecidos: https://usefatos.com.br/ - Venha fazer parte do nosso clube! Torne-se um membro do Canal Fatos Desconhecidos: https://www.youtube.com/channel/UCbAiIkPobUFy71zlmwVw3jw/join üìùFontes: https://pastebin.com/9sm55s7y;fatos,desconhecidos,fatosdesconhecidos,entretenimento,curiosidade,conhecimento,curiosidades,andre,benjamin,fatos desconhecidos,Jacobo Grinberg,Teoria Sint√©rgica,Do√±a Pachita,Projeto Stargate,CIA,Experimentos ps√≠quicos,Xamanismo cient√≠fico,Realidade hologr√°fica,Desaparecimento misterioso,Consci√™ncia e realidade,Experimentos secretos,Katmandu,Matrix real,F√≠sica qu√¢ntica e espiritualidade,Cientistas desaparecidos.;27;Education;Knowledge;PT21M20S;1280;2d;hd;false;pt-BR;pt-BR;https://i.ytimg.com/vi/vhOHzxFnaDc/maxresdefault.jpg;1;;;;799355;34762;;0;1886
2025-05-07T21:30:09Z;07/05/2025;12;;10 artefatos estranhos que deixam cientistas assustados;10 artefatos estranhos que deixam cientistas assustados;Uma viagem por descobertas arqueol√≥gicas que desafiam a l√≥gica, confundem a ci√™ncia e levantam a hip√≥tese de que nosso passado pode ser bem mais tecnol√≥gico ‚Äî e misterioso ‚Äî do que imaginamos. Descubra: - Conhe√ßa a USEFATOS, loja oficial da Fatos Desconhecidos: https://usefatos.com.br/ - Venha fazer parte do nosso clube! Torne-se um membro do Canal Fatos Desconhecidos: https://www.youtube.com/channel/UCbAiIkPobUFy71zlmwVw3jw/join üìùFontes: YOUTUBE;fatos,fatosdesconhecidos,curiosidade,conhecimento,curiosidades,benjamin,Arqueologia misteriosa,artefatos inexplic√°veis,tecnologia antiga,civiliza√ß√µes perdidas,mist√©rios da hist√≥ria,ci√™ncia proibida,evid√™ncias ocultas,esferas de pedra,linhas de Nazca,mecanismo de Antic√≠tera,l√¢mpada de Dendera,coluna de ferro da √çndia,papiro de Tulli,arqueologia proibida,hist√≥ria alternativa,descobertas arqueol√≥gicas,artefatos do futuro,enigmas do passado,Andr√© Benjamin,Andr√©;27;Education;Knowledge;PT20M45S;1245;2d;hd;false;pt-BR;pt-BR;https://i.ytimg.com/vi/qqjvFP5jprQ/maxresdefault.jpg;1;;;;785388;18499;;0;251
2025-01-10T15:01:01Z;10/01/2025;25;;Coisas insanas que v„o acontecer durante a sua vida!;Coisas insanas que v√£o acontecer durante a sua vida!;- Conhe√ßa a USEFATOS, loja oficial da Fatos Desconhecidos: https://usefatos.com.br/ - Venha fazer parte do nosso clube! Torne-se um membro do Canal Fatos Desconhecidos: https://www.youtube.com/channel/UCbAiIkPobUFy71zlmwVw3jw/join;fatos,desconhecidos,fatosdesconhecidos,entretenimento,curiosidade,conhecimento,curiosidades,ivanlima,andre,benjamin,pimenta;27;Education;Knowledge;PT1M;60;2d;hd;false;pt-BR;pt-BR;https://i.ytimg.com/vi/j3VWBuAS_34/maxresdefault.jpg;1;;;;760392;;;0;1057
2025-01-07T19:00:08Z;07/01/2025;18;;As PROFECIAS mais ASSUSTADORAS de todos os tempos!;As PROFECIAS mais ASSUSTADORAS de todos os tempos!;- Conhe√ßa a USEFATOS, loja oficial da Fatos Desconhecidos: https://usefatos.com.br/ - Venha fazer parte do nosso clube! Torne-se um membro do Canal Fatos Desconhecidos: https://www.youtube.com/channel/UCbAiIkPobUFy71zlmwVw3jw/join;fatos,desconhecidos,fatosdesconhecidos,entretenimento,curiosidade,conhecimento,curiosidades,ivanlima,andre,benjamin,pimenta;27;Education;Religion,Society;PT1H12M11S;731;2d;hd;false;pt-BR;pt-BR;https://i.ytimg.com/vi/sPVCcYbKCZ4/maxresdefault.jpg;1;;;;758466;;;0;939
2025-06-15T15:01:25Z;15/06/2025;34;;LibertaÁ„o ou armadilha? - O preÁo oculto da masturbaÁ„o para o seu corpo;Liberta√ß√£o ou Armadilha? - O Pre√ßo Oculto da Masturba√ß√£o Para o seu Corpo;H√° mil√™nios, a humanidade tem praticado alguns atos em segredo, de tal intimidade que acabou se tornando um tabu. A masturba√ß√£o √© um bem ou um mal para o ser humano? Ser√° que √© um ato muito al√©m do f√≠sico? Quais os perigos que a cercam? Confira: - Conhe√ßa a USEFATOS, loja oficial da Fatos Desconhecidos: https://usefatos.com.br/ - Venha fazer parte do nosso clube! Torne-se um membro do Canal Fatos Desconhecidos: https://www.youtube.com/channel/UCbAiIkPobUFy71zlmwVw3jw/join üìùFontes: https://www.publico.pt/2023/06/07/ciencia/noticia/masturbacao-nasceu-ha-40-milhoes-anos-travar-doencas-ajudar-reproducao-2052515 https://olabiblia.com.br/masturbacao-e-pecado-entenda-a-questao-espiritual/ https://formacao.cancaonova.com/afetividade-e-sexualidade/dependencia-sexual/por-que-a-masturbacao-e-pecado/ https://www.mariacristo.com.br/masturbacao-dialogo-mediunico/ https://www.horaluterana.org.br/duvida-espiritual/e-pecado-a-pratica-de-1-masturbacao-2-sexo-oral-e-anal/ https://pt.chabad.org/library/article_cdo/aid/1688668/jewish/Masturbao.htm¬† https://guiaesoterico.com/masturbacao-e-espiritismo/ https://www.bbc.com/portuguese/articles/c4n1dgnj3reo https://blockerx.net/pt-br/blog/a-masturbacao-e-considerada-haram/ https://aestreladaredencao.medium.com/10-uma-lei-mais-para-beneficiar-do-que-para-castigar-67c8661270e2 https://www.uol.com.br/universa/horoscopo/noticias/redacao/2024/08/19/energia-sexual-desregulada-pode-estar-conectada-a-chakra-como-alinha-lo.htm¬† https://www.mariacristo.com.br/orientadores/eugenia/;fatos,desconhecidos,fatosdesconhecidos,entretenimento,curiosidade,conhecimento,curiosidades,andre,benjamin,masturbacao,masturbar,gozar,gozo,esperma,sexo,sexologia,sexologa,sexologo,casal,homememulher,homem,mulher,rotina,saude,saudavel,doenca,vicio,energia,energiavital,vital,vitalidade,ejaculacao,ejacular;27;Education;Religion;PT18M30S;1110;2d;hd;false;pt-BR;pt-BR;https://i.ytimg.com/vi/w3pvxrz4DbE/maxresdefault.jpg;1;;;;753049;47413;;0;2834
2025-09-17T23:30:04Z;17/09/2025;36;;O que James Webb viu no 3I/ATLAS È mais bizarro do que pens·vamos!!;O que JAMES Webb viu no 3I/ATLAS √© MAIS BIZARRO do que pens√°vamos!!;O 3I/Atlas, at√© agora o cometa mais famoso do s√©culo XXI, ainda tem tirado o sono de cientistas e curiosos: sua cauda √© algo incomum, e tem sinais de exaust√£o por propuls√£o, segundo apontou o telesc√≥pio James Webb. Confira: - Conhe√ßa a USEFATOS, loja oficial da Fatos Desconhecidos: https://usefatos.com.br/ - Venha fazer parte do nosso clube! Torne-se um membro do Canal Fatos Desconhecidos: https://www.youtube.com/channel/UCbAiIkPobUFy71zlmwVw3jw/join üìùFontes: https://pastebin.com/H0kABaMm;fatos,desconhecidos,fatosdesconhecidos,entretenimento,curiosidade,conhecimento,curiosidades,andre,pimenta,3iatlas,cometa,objeto,ovni,interestelar,perdidonoespa√ßo,terra,aviloeb,nasa,astr√¥nomos,astronomia,ci√™ncia,cientista,orbitasolar,sistemasolar,sol,√≥rbita,√≥rbitasolar,juno1;27;Education;;PT13M27S;807;2d;hd;false;pt-BR;pt-BR;https://i.ytimg.com/vi/DfkRcr1YUrk/maxresdefault.jpg;1;;;;737068;23581;;0;1570
2025-05-22T15:01:20Z;22/05/2025;43;;Black Widow: A vi˙va negra do Everest! - A histÛria mais escandalosa do mundo!;Black Widow: A Vi√∫va negra do Everest! - A hist√≥ria mais escandalosa do mundo!;Ela era querida por muitos e, ao mesmo tempo, evitada por quase todos. Com uma beleza marcante, homens se arriscaram s√≥ para ficar ao lado dela. Mas sua reputa√ß√£o era cercada de pol√™micas. Quem √© Chantal Mauduit, a ‚ÄúVi√∫va Negra‚Äù do alpinismo? - Conhe√ßa a USEFATOS, loja oficial da Fatos Desconhecidos: https://usefatos.com.br/ - Venha fazer parte do nosso clube! Torne-se um membro do Canal Fatos Desconhecidos: https://www.youtube.com/channel/UCbAiIkPobUFy71zlmwVw3jw/join üìùFontes: https://pastebin.com/6WTNXhX0;fatos,desconhecidos,fatosdesconhecidos,entretenimento,curiosidade,conhecimento,curiosidades,lucas apresentador,lucas carneiro,lucas fatos,blackwidow,viuvanegra,everest,monteeverest,alpinismo,alpinistas,acidente,himalaia,alpes,montanhak2,chantalmauduit,thorkieser,montanhismo,montanha,caso,sinistro,mist√©rio;27;Education;Hobby,Lifestyle_(sociology);PT22M51S;1371;2d;hd;false;pt-BR;pt-BR;https://i.ytimg.com/vi/nE2YS8Zq2V4/maxresdefault.jpg;1;;;;712400;24286;;0;1017
2025-03-01T15:00:43Z;01/03/2025;1;;5 profecias chocantes de Daniel Mastral que est„o se cumprindo!;5 profecias chocantes de Daniel Mastral que est√° se cumprindo!;Voc√™ est√° preparado para o que vem por a√≠? Descubra como as profecias de Daniel apontam para um futuro alarmante que j√° est√° come√ßando a acontecer: - Conhe√ßa a USEFATOS, loja oficial da Fatos Desconhecidos: https://usefatos.com.br/ - Venha fazer parte do nosso clube! Torne-se um membro do Canal Fatos Desconhecidos: https://www.youtube.com/channel/UCbAiIkPobUFy71zlmwVw3jw/join üìùFontes: SITES OFICIAIS;fatos,desconhecidos,fatosdesconhecidos,entretenimento,curiosidade,conhecimento,curiosidades,andre,benjamin,fatos desconhecidos,Profecias,Daniel Mastral,Fim dos tempos,Escatologia,Cristianismo,Alinhamento planet√°rio,Profecias b√≠blicas,Sinais do fim do mundo,Igreja,Donald Trump;27;Education;Religion,Society;PT9M1S;541;2d;hd;false;pt-BR;pt-BR;https://i.ytimg.com/vi/X3niWSIgmWc/maxresdefault.jpg;1;;;;707077;39537;;0;1728
2025-05-24T21:30:05Z;24/05/2025;50;;Novas informaÁıes sobre a Esfera de Buga;Novas Informa√ß√µes sobre a Esfera de BUGA;Quais s√£o as novidades a respeito da esfera de Buga? O que os cientistas descobriram? Ela √© mesmo real e alien√≠gena? - Conhe√ßa a USEFATOS, loja oficial da Fatos Desconhecidos: https://usefatos.com.br/ - Venha fazer parte do nosso clube! Torne-se um membro do Canal Fatos Desconhecidos: https://www.youtube.com/channel/UCbAiIkPobUFy71zlmwVw3jw/join üìùFontes: https://pastebin.com/CfqbTmYx;fatos,desconhecidos,fatosdesconhecidos,entretenimento,curiosidade,conhecimento,curiosidades,andre,benjamin,esferadebuga,buga,colombia,anomalia,anomalo,objetoanomalo,ufo,ovni,uap,fani,donjose,jaimemaussan,mexico,especialista,ufologo,ufologia;27;Education;Society;PT12M;720;2d;hd;false;pt-BR;pt-BR;https://i.ytimg.com/vi/HwNVS7eYmoo/maxresdefault.jpg;1;;;;683698;29680;;0;1788
2025-05-02T21:30:09Z;02/05/2025;3;;URGENTE! O Anticristo acaba de se revelar ao mundo!;URGENTE! O Anticristo acaba de se revelar ao mundo!;A Religi√£o Ahmadi √© um movimento religioso recente que surgiu a partir do islamismo xiita, mas o que est√° chamando a aten√ß√£o do mundo √© o que seu l√≠der tem falado em seus pronunciamentos: ele afirma ser o Messias. Ser√°? - Conhe√ßa a USEFATOS, loja oficial da Fatos Desconhecidos: https://usefatos.com.br/ - Venha fazer parte do nosso clube! Torne-se um membro do Canal Fatos Desconhecidos: https://www.youtube.com/channel/UCbAiIkPobUFy71zlmwVw3jw/join üìùFontes: https://pastebin.com/Rn0KUPGh;fatos,desconhecidos,fatosdesconhecidos,entretenimento,curiosidade,conhecimento,curiosidades,andre,benjamin,b√≠blia,anticristo,fimdomundo,controlemundial,abdullah,hashem,abdullahhashem,aropl,religi√£oahmadi,ahmadi,isl√£,xiita,mu√ßulmano,crist√£o,judeu,yamani,maom√©,jesus,messias;27;Education;Religion,Society;PT13M41S;821;2d;hd;false;pt-BR;pt-BR;https://i.ytimg.com/vi/z5YpjiPOS1c/maxresdefault.jpg;1;;;;669419;33279;;0;2819
2025-02-16T23:30:07Z;16/02/2025;37;;NASA È forÁada a desligar computador qu‚ntico apÛs isso acontecer...;NASA √© for√ßada a desligar computador qu√¢ntico ap√≥s isso acontecer...;A computa√ß√£o qu√¢ntica, assim como a intelig√™ncia artificial, √© uma das maiores promessas para o futuro da tecnologia. O avan√ßo que essa ferramenta ir√° promover √© t√£o significativo, t√£o grandioso, que muitas institui√ß√µes ‚Äî incluindo estruturas governamentais ‚Äî ficaram preocupadas e afirmaram que a humanidade ainda n√£o est√° pronta para lidar com esse tipo de recurso. Essas ressalvas levaram a paralisa√ß√£o de algumas iniciativas que j√° estavam obtendo resultados bastante promissores, incluindo pesquisas comandadas pela NASA, j√° que insistir nessa explora√ß√£o poderia provocar problemas graves na seguran√ßa digital do mundo todo. Descubra: - Conhe√ßa a USEFATOS, loja oficial da Fatos Desconhecidos: https://usefatos.com.br/ - Venha fazer parte do nosso clube! Torne-se um membro do Canal Fatos Desconhecidos: https://www.youtube.com/channel/UCbAiIkPobUFy71zlmwVw3jw/join üìùFontes: https://pastebin.com/fsm4d1ZD;hacker,NASA,computador,qu√¢ntico,computador qu√¢ntico,mec√¢nica qu√¢ntica,ci√™ncia,pesquisa,f√≠sica,plugue,desligar,risco,perigo,aviso,alerta,Andr√©,Benjamin,Fatos Desconhecidos.;27;Education;Society,Technology;PT19M23S;1163;2d;hd;false;pt-BR;pt-BR;https://i.ytimg.com/vi/4bT4m-LFwuM/maxresdefault.jpg;1;;;;667340;;;0;865
2025-01-25T21:30:03Z;25/01/2025;63;;Tens„o na fronteira: Venezuela aciona 150 mil militares e impıe bloqueio ao Brasil;Tens√£o na fronteira: Venezuela aciona 150 mil militares e imp√µe bloqueio ao Brasil;Em 2023, surgiram fa√≠scas entre a Venezuela e o Brasil, quando Maduro enviou seu ex√©rcito, usando o territ√≥rio brasileiro, para invadir a Guiana. De l√° para c√°, as tens√µes aumentaram e, de melhores amigos, os presidentes de ambos os pa√≠ses est√£o se tornando inimigos. Maduro quer guerra? - Conhe√ßa a USEFATOS, loja oficial da Fatos Desconhecidos: https://usefatos.com.br/ - Venha fazer parte do nosso clube! Torne-se um membro do Canal Fatos Desconhecidos: https://www.youtube.com/channel/UCbAiIkPobUFy71zlmwVw3jw/join üìùFontes: https://pastebin.com/thZpHJKv;fatos,desconhecidos,fatosdesconhecidos,entretenimento,curiosidade,conhecimento,curiosidades,ivanlima,andre,benjamin,pimenta,brasil,venezuela,tens√£onafronteira,tens√£o,fronteira,ex√©rcito,guerra,lula,maduro,presidentelula,presidentenicolasmaduro,nicolasmaduro,roraima,pacaraima,brics,lulaemaduro,maduroelula;27;Education;Military,Politics,Society;PT8M58S;538;2d;hd;false;pt-BR;pt-BR;https://i.ytimg.com/vi/cjeU64LUyMw/maxresdefault.jpg;1;;;;657799;;;0;2963
2025-02-28T21:30:03Z;28/02/2025;67;;Os EUA ficaram chocados com o acordo surpresa da UE com a Ucr‚nia!;Os EUA ficaram chocados com o acordo surpresa da UE com a Ucr√¢nia!;E se eu te falasse que n√£o √© o fim da guerra que interessa aos EUA ou √† UE, mas sim outros interesses? Veja o porqu√™ a Uni√£o Europeia n√£o est√° de acordo com os Estados Unidos no processo de cessar-fogo entre R√∫ssia e Ucr√¢nia: - Conhe√ßa a USEFATOS, loja oficial da Fatos Desconhecidos: https://usefatos.com.br/ - Venha fazer parte do nosso clube! Torne-se um membro do Canal Fatos Desconhecidos: https://www.youtube.com/channel/UCbAiIkPobUFy71zlmwVw3jw/join üìùFontes: https://pastebin.com/sSkHTNTj;fatos,desconhecidos,fatosdesconhecidos,entretenimento,curiosidade,conhecimento,curiosidades,andre,benjamin,benjaminfatos,ucr√¢nia,estadosunidos,r√∫ssia,acordo,cessarfogo,fimdaguerra,minerais,terrarara,min√©rios,solorico,zelensky,putin,trump,paz,acordodepaz,negocia√ß√£o,negocia√ß√µes;27;Education;Politics,Society;PT13M29S;809;2d;hd;false;pt-BR;pt-BR;https://i.ytimg.com/vi/NdRO0MJ_RiU/maxresdefault.jpg;1;;;;641338;31712;;0;1883
